{"data":{"Year":[2018,2018,2018,2018,2018,2018,2018,2018,2019,2019,2019,2019,2019,2019,2019,2019,2020,2020,2020,2020,2020,2020,2020,2020,2021,2021,2021,2021,2021,2021,2021,2021,2022,2022,2022,2022,2022,2022,2022,2022,2023,2023,2023,2023,2023,2023,2023,2023],"Anlagenart":["Biomasse in kW","Biomasse in kW/EW","Wasserkraft in kW","Wasserkraft in kw/EW","Photovoltaik in kW","Photovoltaik in kW/EW","Gesamt in kW","Gesamt in kW/EW","Biomasse in kW","Biomasse in kW/EW","Wasserkraft in kW","Wasserkraft in kW/EW","Photovoltaik in kW","Photovoltaik in kW/EW","Gesamt in kW","Gesamt in kW/EW","Biomasse in kW","Biomasse in kW/EW","Wasserkraft in kW","Wasserkraft in kW/EW","Photovoltaik in kW","Photovoltaik in kW/EW","Gesamt in kW","Gesamt in kW/EW","Biomasse in kW","Biomasse in kW/EW","Wasserkraft in kW","Wasserkraft in kW/EW","Photovoltaik in kW","Photovoltaik in kW/EW","Gesamt in kW","Gesamt in kW/EW","Biomasse in kW","Biomasse in kW/EW","Wasserkraft in kW","Wasserkraft in kW/EW","Photovoltaik in kW","Photovoltaik in kW/EW","Gesamt in kW","Gesamt in kW/EW","Biomasse in kW","Biomasse in kW/EW","Wasserkraft in kW","Wasserkraft in kW/EW","Photovoltaik in kW","Photovoltaik in kW/EW","Gesamt in kW","Gesamt in kW/EW"],"Value":[965.0,0.00704,20.0,0.00015,46009.0,0.34,46994.0,0.34,1040.0,0.0076,20.0,0.00015,47596.0,0.35,48656.0,0.35,1040.0,0.0076,20.0,0.00015,49560.0,0.36,50620.0,0.37,1040.0,0.0075,22000.0,0.00016,52918.0,0.38,53980.0,0.39,1040.0,0.0074,22.0,0.00016,57266.0,0.41,58322.0,0.41,1040.0,0.0073,22.0,0.00015,67540.0,0.47,68602.0,0.48]},"edges":[]}